location,total_cases,first_case,population,population_density,median_age,aged_65_older,aged_70_older,gdp_per_capita,diabetes_prevalence,female_smokers,male_smokers,total_deaths
Aruba,-0.017621678,0.06485482,-0.029902516,0.016006815,0.308641313,0.150258872,0.090262796,0.131323046,0.176023943,-0.063476057,-0.107999285,-0.020128302
Afghanistan,-0.013936586,-0.073356562,-0.002930329,-0.92956021,-0.374138143,-0.255222696,-0.250083395,-0.162652707,0.079495174,-0.063476057,-0.107999285,-0.018618769
Angola,-0.017661944,0.138025552,-0.007142094,-0.983993185,-0.428518807,-0.262016751,-0.248691955,-0.128105762,-0.189168639,-0.063476057,-0.107999285,-0.020140188
Albania,-0.017061544,0.032334495,-0.027977276,-0.839618864,0.211964576,0.154234938,0.156550991,-0.076623681,0.102795222,-0.061789532,0.32790518,-0.019795491
Andorra,-0.017147829,-0.016445993,-0.029923012,0.016006815,-0.118357292,-0.058187857,-0.0524208,-0.03351965,0.002462364,0.437071516,0.131998747,-0.019581542
United Arab Emirates,-0.003035907,-0.30912892,-0.02310511,0.016006815,0.091118655,-0.310694612,-0.295221704,0.400778373,0.444212245,-0.196185887,0.126150794,-0.017715427
Argentina,-0.012757357,-0.008315912,0.001424117,0.016006815,0.027674546,0.077415791,0.089650562,-0.01527748,-0.114988896,0.145499762,-0.015662072,-0.016253438
Armenia,-0.015020902,-0.032706156,-0.027917918,0.016006815,0.142478171,0.078728279,0.096886049,-0.102570196,-0.038431597,-0.189352174,0.341063074,-0.019593428
Antigua and Barbuda,-0.017676325,0.081114983,-0.029908656,0.016006815,0.033716842,-0.08722424,-0.066747278,0.006721674,0.249728175,-0.063476057,-0.107999285,-0.020128302
Australia,-0.012678982,-0.325389082,-0.012260062,0.016006815,0.208943428,0.243638528,0.239258176,0.205956765,-0.135435877,0.072606824,-0.179404762,-0.018999124
Austria,-0.006215512,-0.065226481,-0.023719289,0.016006815,0.405318051,0.386390893,0.44068301,0.212736023,-0.074570446,0.42340409,0.031121554,-0.012747044
Azerbaijan,-0.015711183,-0.040836237,-0.022932267,0.016006815,0.042780286,-0.122545606,-0.10904705,-0.041831712,-0.038431597,-0.216687026,0.200712197,-0.019747947
Burundi,-0.017674887,0.219326365,-0.021715299,0.016006815,-0.407370771,-0.255956145,-0.240788576,-0.172131585,-0.088835781,-0.063476057,-0.107999285,-0.020152074
Belgium,0.021120315,-0.244088269,-0.02192454,0.016006815,0.326768202,0.362032661,0.390646833,0.188834884,-0.172525748,0.348233247,0.038431495,0.084944679
Benin,-0.017459174,0.097375145,-0.021553822,0.016006815,-0.368095847,-0.229629181,-0.21641055,-0.160413686,-0.329444436,-0.209853313,-0.240808271,-0.020140188
Burkina Faso,-0.017138481,0.048594657,-0.015453658,0.016006815,-0.404349623,-0.26186234,-0.248914585,-0.163520659,-0.261446338,-0.18707427,-0.071217627,-0.01955777
Bangladesh,-0.004879531,0.032334495,0.084445063,0.016006815,-0.105255968,-0.158059986,-0.142942525,-0.147854918,0.021958322,-0.200741696,0.23287594,-0.016966604
Bulgaria,-0.016206603,0.024204413,-0.025149101,0.016006815,0.414381495,0.448116428,0.414189995,-0.018465893,-0.10024805,0.462128464,0.228489975,-0.019022896
Bahrain,-0.013512352,-0.081486643,-0.02879448,0.016006815,0.042780286,-0.263290636,-0.247300515,0.194273331,0.409024418,-0.091402288,0.12907477,-0.020045099
Bahamas,-0.017626711,0.089245064,-0.029703476,0.016006815,0.100182099,-0.007587104,-0.035078107,0.060294101,0.249728175,-0.152905705,-0.122387218,-0.020033213
Bosnia and Herzegovina,-0.01612607,0.007944251,-0.027697272,0.016006815,0.347916238,0.284750283,0.271650896,-0.077393994,0.102795222,0.464406368,0.276735589,-0.01873763
Belarus,0.000874963,-0.048966318,-0.023411559,0.016006815,0.281450981,0.216423705,0.220278936,-0.030470535,-0.130205254,0.015659215,0.253343776,-0.018428592
Belize,-0.017681358,0.154285714,-0.029700437,0.016006815,-0.180784669,-0.206120206,-0.197653941,-0.110857128,0.437079578,-0.063476057,-0.107999285,-0.020140188
Bermuda,-0.017607297,0.121765389,-0.029933428,0.016006815,-0.118357292,-0.058187857,-0.0524208,0.257754323,0.241644485,-0.063476057,-0.107999285,-0.020068871
Bolivia,-0.015430756,0.056724739,-0.021866587,0.016006815,-0.168700076,-0.096064232,-0.079993786,-0.118931685,-0.048892843,-0.063476057,-0.107999285,-0.018476136
Brazil,0.118185976,-0.065226481,0.117703871,0.016006815,0.076012915,-0.024726652,-0.04287017,-0.056835725,0.009119521,0.006547598,-0.158936926,0.136126155
Barbados,-0.017633182,0.105505226,-0.029777036,0.016006815,0.266345241,0.2223299,0.202746794,-0.032104308,0.268748622,-0.180240557,-0.208644528,-0.020080757
Brunei,-0.017592916,0.040464576,-0.029672742,0.016006815,0.042780286,-0.177631497,-0.191921208,0.439629245,0.23165875,-0.177962652,0.031121554,-0.020152074
Botswana,-0.017677044,0.219326365,-0.028342848,0.016006815,-0.156615484,-0.202723178,-0.199713272,-0.042176235,-0.147799167,-0.093680192,0.082291145,-0.020152074
Canada,0.03427663,-0.317259001,-0.003754457,0.016006815,0.314683609,0.300770356,0.276437449,0.200527008,-0.026068306,0.04982778,-0.177942774,0.042879828
Switzerland,0.004114248,-0.065226481,-0.023963698,0.016006815,0.366043126,0.356821311,0.379237026,0.315748432,-0.110709295,0.291285639,0.001881788,-0.001586011
Chile,0.007027088,-0.008315912,-0.016695265,0.016006815,0.133414727,0.073130904,0.061654792,0.017700397,0.025762412,0.555522541,0.186092314,-0.016051375
China,0.042722499,-0.528641115,0.97002678,0.016006815,0.233112612,0.055914151,0.005496279,-0.046466414,0.086627842,-0.180240557,0.286969507,0.03495181
Cote d'Ivoire,-0.016319492,0.056724739,-0.011649777,0.016006815,-0.371116995,-0.241634585,-0.236447284,-0.147192268,-0.261446338,-0.063476057,-0.107999285,-0.019878694
Cameroon,-0.015680983,0.016074332,-0.011533341,0.016006815,-0.368095847,-0.232678785,-0.217690675,-0.149223354,-0.034151996,-0.063476057,-0.107999285,-0.018547453
Democratic Republic of Congo,-0.01680125,0.048594657,0.032248163,0.016006815,-0.422476511,-0.23827616,-0.227375096,-0.171220418,-0.086458226,-0.063476057,-0.107999285,-0.019569656
Congo,-0.017449107,0.089245064,-0.026142872,0.016006815,-0.362053551,-0.223529972,-0.209675981,-0.136176499,-0.034151996,-0.184796365,0.343987051,-0.020033213
Colombia,-0.008397085,0.016074332,0.005375367,0.016006815,0.03673799,-0.059700596,-0.084502051,-0.064135719,-0.022739728,-0.116459236,-0.223264411,-0.014113943
Comoros,-0.017682077,0.471358885,-0.029372522,0.016006815,-0.319757478,-0.240476508,-0.22843259,-0.16600886,0.188387233,-0.123292949,-0.075603592,-0.020152074
Cape Verde,-0.017486498,0.12989547,-0.029590408,0.016006815,-0.159636632,-0.182688436,-0.133202446,-0.124638092,-0.261446338,-0.175684748,-0.179404762,-0.020140188
Costa Rica,-0.017108281,0.016074332,-0.02643744,0.016006815,0.079034063,0.010633317,-0.007583256,-0.044605649,0.040978769,-0.077734862,-0.166246867,-0.020080757
Cuba,-0.016392835,0.056724739,-0.022107265,0.016006815,0.366043126,0.214068947,0.216438562,-0.03351965,0.016727699,0.166000901,0.358606934,-0.019224959
Curacao,-0.017682796,0.06485482,-0.029862681,0.016006815,0.323747054,0.27695256,0.235863063,-0.03351965,0.176023943,-0.063476057,-0.107999285,-0.020152074
Cayman Islands,-0.017633182,0.121765389,-0.029931033,0.016006815,-0.118357292,-0.058187857,-0.0524208,0.251161673,0.252105731,-0.063476057,-0.107999285,-0.020152074
Cyprus,-0.017043568,0.040464576,-0.029368143,0.016006815,0.19081654,0.163036328,0.152098383,0.100706634,0.062852283,0.222948509,0.349835004,-0.019961897
Czech Republic,-0.011748541,-0.024576074,-0.022536381,0.016006815,0.372085422,0.37963544,0.320017346,0.102347935,-0.052221421,0.471240081,0.139308688,-0.016716996
Germany,0.106152805,-0.300998839,0.028234139,0.016006815,0.471783307,0.473285314,0.563630637,0.210951329,0.018629744,0.418848282,0.063285297,0.071632265
Djibouti,-0.016782555,0.113635308,-0.029290256,0.016006815,-0.168700076,-0.192223275,-0.192032524,-0.154897456,-0.088835781,-0.184796365,-0.062445698,-0.020128302
Denmark,-0.010024278,-0.0570964,-0.025952427,0.016006815,0.341873942,0.404727121,0.361482253,0.223454364,-0.071717379,0.216114796,-0.145779031,-0.013828677
Dominican Republic,-0.009643905,-0.024576074,-0.022439862,0.016006815,-0.10223482,-0.085371316,-0.078546688,-0.052556326,0.013399121,-0.029898871,-0.141393066,-0.015302552
Algeria,-0.01319813,-0.065226481,0.000489832,0.016006815,-0.056917599,-0.115095307,-0.109826257,-0.058467038,-0.056501022,-0.207575409,0.023811612,-0.013959424
Ecuador,0.004226419,-0.032706156,-0.01771877,0.016006815,-0.087129079,-0.080623197,-0.076376042,-0.087132668,-0.11261134,-0.177962652,-0.240808271,0.007578159
Egypt,-0.010193972,-0.154657375,0.041122499,0.016006815,-0.171721224,-0.155705228,-0.163591493,-0.087405653,0.446589801,-0.21896493,0.311823308,-0.013555297
Spain,0.147354641,-0.268478513,0.002507273,0.016006815,0.438550679,0.395423898,0.443521548,0.116685073,-0.03557853,0.400625047,0.038431495,0.304575735
Estonia,-0.016435258,-0.048966318,-0.02905505,0.016006815,0.353958534,0.396041539,0.426379009,0.075465346,-0.18536455,0.334565821,0.153928571,-0.019438909
Ethiopia,-0.017505193,0.072984901,0.049896914,0.016006815,-0.337884366,-0.218743251,-0.209675981,-0.163289873,-0.021313195,-0.214409122,-0.296363826,-0.02010453
Finland,-0.01334122,-0.284738676,-0.026127152,0.016006815,0.356979682,0.464599733,0.413744735,0.171001323,-0.102625605,0.193335753,-0.090223475,-0.016788312
France,0.083499381,-0.325389082,0.015373588,0.016006815,0.332810498,0.406309827,0.40344808,0.153966199,-0.149701212,0.462128464,0.099835004,0.301639872
Gabon,-0.016972383,0.06485482,-0.028430318,0.016006815,-0.238186481,-0.183074462,-0.158860597,-0.035680347,-0.034151996,-0.063476057,-0.107999285,-0.020056985
United Kingdom,0.147473283,-0.276608595,0.017188677,0.016006815,0.296556721,0.359948121,0.372725088,0.163839206,-0.173001259,0.232060127,-0.059521721,0.374287616
Georgia,-0.017229081,-0.0570964,-0.027205122,0.016006815,0.233112612,0.218932873,0.245658799,-0.094332468,-0.038431597,-0.10279181,0.390770677,-0.020033213
Guernsey,-0.017513102,0.121765389,-0.004102274,0.016006815,-0.118357292,-0.058187857,-0.0524208,-0.03351965,-0.023558156,-0.063476057,-0.107999285,-0.020009441
Ghana,-0.013805721,0.06485482,-0.008388047,0.016006815,-0.298609442,-0.224186216,-0.216076604,-0.141801183,-0.140190988,-0.216687026,-0.308059733,-0.019878694
Guinea,-0.015987295,0.072984901,-0.020852383,0.016006815,-0.362053551,-0.233836863,-0.228042987,-0.160975573,-0.261446338,-0.063476057,-0.107999285,-0.019997555
Gambia,-0.017677763,0.105505226,-0.02829766,0.016006815,-0.407370771,-0.264564521,-0.245630787,-0.164736618,-0.285697408,-0.207575409,0.035507519,-0.020152074
Guinea-Bissau,-0.017104686,0.178675958,-0.028609382,0.016006815,-0.349968959,-0.238971007,-0.237393463,-0.164849253,-0.261446338,-0.063476057,-0.107999285,-0.020128302
Equatorial Guinea,-0.017318961,0.081114983,-0.029001937,0.016006815,-0.259334517,-0.24499301,-0.226985493,0.016305239,-0.006572348,-0.063476057,-0.107999285,-0.020092644
Greece,-0.015709744,-0.0570964,-0.022735034,0.016006815,0.432508383,0.432482381,0.483873304,0.033249675,-0.160162458,0.580579489,0.339601086,-0.018321617
Guatemala,-0.016729346,0.081114983,-0.017529439,0.016006815,-0.244228777,-0.173655431,-0.156634294,-0.114303246,0.107550334,-0.063476057,-0.107999285,-0.019819264
Guam,-0.017585006,0.113635308,-0.029859428,0.016006815,0.012568806,0.013837331,-0.018770432,-0.03351965,0.646780006,-0.063476057,-0.107999285,-0.02010453
Guyana,-0.017613049,0.06485482,-0.029430214,0.016006815,-0.141509744,-0.15006925,-0.166597003,-0.114206553,0.176023943,-0.063476057,-0.107999285,-0.020045099
Honduras,-0.016072861,0.056724739,-0.023095238,0.016006815,-0.183805817,-0.175276739,-0.164036754,-0.139098302,-0.033676485,-0.177962652,-0.107999285,-0.018701972
Croatia,-0.016103061,-0.065226481,-0.027124464,0.016006815,0.393233458,0.406541443,0.402000982,0.016863804,-0.110709295,0.557800446,0.162700501,-0.019046668
Haiti,-0.017526045,0.121765389,-0.02205452,0.016006815,-0.201932705,-0.169563556,-0.160085064,-0.163950217,-0.060305111,-0.157461513,-0.082913534,-0.019950011
Hungary,-0.015263938,-0.00018583,-0.023264942,0.016006815,0.37510657,0.362264276,0.342057753,0.052204463,-0.017509105,0.386957621,0.088139098,-0.014981628
Indonesia,-0.006593728,-0.024576074,0.160060167,0.016006815,-0.050875303,-0.149528814,-0.154574963,-0.081912068,-0.07599698,-0.159739418,0.691940267,-0.007945066
Isle of Man,-0.017455579,0.12989547,-0.029917616,0.016006815,-0.118357292,-0.058187857,-0.0524208,-0.03351965,-0.023558156,-0.063476057,-0.107999285,-0.01989058
India,0.038393146,-0.284738676,0.928813262,0.016006815,-0.084107931,-0.123665081,-0.134482571,-0.12288197,0.117536068,-0.180240557,-0.119463241,0.010133668
Ireland,-0.000867995,-0.032706156,-0.026546046,0.016006815,0.233112612,0.182800852,0.158499006,0.40113808,-0.220552377,0.300397257,-0.044901838,-0.002370493
Iran,0.063359729,-0.114006969,0.028379353,0.016006815,0.042780286,-0.144857901,-0.147395133,-0.013998046,0.079495174,-0.205297504,-0.1121533,0.060459346
Iraq,-0.015514165,-0.073356562,-0.00203118,0.016006815,-0.33184207,-0.231868131,-0.215575686,-0.043409856,0.043356325,-0.063476057,-0.107999285,-0.01879706
Iceland,-0.016398587,-0.040836237,-0.029739602,0.016006815,0.19081654,0.202217953,0.187941874,0.221737499,-0.124023608,0.10221958,-0.19841061,-0.020045099
Israel,-0.005795591,-0.097746806,-0.023963056,0.016006815,-0.011600378,0.098068175,0.085086639,0.106876875,-0.05602551,0.127276528,0.096911028,-0.017026034
Italy,0.142007843,-0.276608595,0.012030559,0.016006815,0.511058232,0.53381417,0.579381736,0.124838704,-0.149225701,0.227504318,-0.014200084,0.349564562
Jamaica,-0.017328308,0.056724739,-0.027919359,0.016006815,0.012568806,0.018971475,0.03115443,-0.107680682,0.159856563,-0.10279181,-0.002504177,-0.020056985
Jersey,-0.017481464,0.121765389,-0.004102274,0.016006815,-0.118357292,-0.058187857,-0.0524208,-0.03351965,-0.023558156,-0.063476057,-0.107999285,-0.019843036
Jordan,-0.017275818,-0.016445993,-0.022887826,0.016006815,-0.235165333,-0.207780117,-0.193090018,-0.106442492,0.182205588,-0.063476057,-0.107999285,-0.020056985
Japan,-0.006132822,-0.406689895,0.05789575,0.016006815,0.520121676,0.689305388,0.704778296,0.157377887,-0.10452765,0.031604546,0.072057226,-0.01199822
Kazakhstan,-0.013688517,0.081114983,-0.016931142,0.016006815,-0.011600378,-0.08498529,-0.067081224,0.028786292,-0.038431597,-0.064067436,0.209484127,-0.019783605
Kenya,-0.017164367,0.072984901,0.00738216,0.016006815,-0.33184207,-0.251169424,-0.239452794,-0.152422934,-0.237670779,-0.196185887,-0.122387218,-0.019688517
Kyrgyzstan,-0.016916297,0.113635308,-0.025443861,0.016006815,-0.141509744,-0.181568961,-0.164092411,-0.148977745,-0.038431597,-0.141516183,0.317671261,-0.020021327
South Korea,-0.009791308,-0.366039489,0.005643757,0.016006815,0.37510657,0.182260416,0.155382181,0.131018427,-0.053172443,-0.082290671,0.177320384,-0.017073578
Kuwait,-0.009764704,-0.081486643,-0.027009621,0.016006815,0.082055211,-0.264332906,-0.262495038,0.385611077,0.376689658,-0.162017322,0.12030284,-0.019189301
Lebanon,-0.017062982,-0.097746806,-0.02523456,0.016006815,0.003505362,-0.026193551,-0.02227686,-0.063166841,0.227854661,0.389235525,0.174396408,-0.019854922
Liberia,-0.017541145,0.097375145,-0.026462756,0.016006815,-0.356011255,-0.236847864,-0.226762863,-0.171696572,-0.261446338,-0.189352174,-0.156012949,-0.019926238
Libya,-0.017648282,0.162415796,-0.025202708,0.016006815,-0.059938747,-0.184078129,-0.167765812,-0.024331661,0.119438113,-0.063476057,-0.107999285,-0.020128302
Liechtenstein,-0.01763462,-0.00018583,-0.029950197,0.016006815,-0.118357292,-0.058187857,-0.0524208,-0.03351965,-0.007047859,-0.063476057,-0.107999285,-0.020152074
Sri Lanka,-0.017036377,-0.300998839,-0.015099343,0.016006815,0.094139803,0.033833471,-0.027786962,-0.07777958,0.131325892,-0.216687026,-0.02589599,-0.020056985
Lithuania,-0.016612142,-0.048966318,-0.028085319,0.016006815,0.378127718,0.378670375,0.442352738,0.075835404,-0.202007441,0.261672883,0.134922723,-0.019522112
Luxembourg,-0.01488716,-0.032706156,-0.029541782,0.016006815,0.263324093,0.197624245,0.223284446,0.63293615,-0.166344103,0.252561266,-0.040515873,-0.018939693
Latvia,-0.017010492,-0.016445993,-0.028666211,0.016006815,0.39021231,0.40769952,0.462278157,0.03746072,-0.143044055,0.359622769,0.324981203,-0.019938124
Morocco,-0.013011898,-0.016445993,-0.00433223,0.016006815,-0.041811859,-0.093555064,-0.090234783,-0.113776676,-0.037005063,-0.205297504,0.267963659,-0.017929376
Monaco,-0.017625273,-0.040836237,-0.029949428,0.016006815,-0.118357292,-0.058187857,-0.0524208,-0.03351965,-0.116890941,-0.063476057,-0.107999285,-0.020116416
Moldova,-0.013807159,0.024204413,-0.027174005,0.016006815,0.199879984,0.064522527,0.062600971,-0.133521788,-0.10452765,-0.089124384,0.231413952,-0.017965035
Maldives,-0.017007616,0.024204413,-0.02960114,0.016006815,-0.011600378,-0.195813315,-0.164482014,-0.047542662,0.060474727,-0.175684748,0.383460735,-0.020116416
Mexico,0.011201128,-0.040836237,0.059602318,0.016006815,-0.050875303,-0.090158036,-0.084001133,-0.029020848,0.244497552,-0.06634534,-0.107767335,0.029995313
Macedonia,-0.016476243,-0.0570964,-0.028529217,0.016006815,0.245197205,0.157014324,0.129668372,-0.065372326,0.102795222,-0.063476057,-0.107999285,-0.019034782
Mali,-0.017149267,0.170545877,-0.015906958,0.016006815,-0.4406034,-0.257616056,-0.241790413,-0.160843253,-0.261446338,-0.18707427,-0.084375522,-0.019640972
Malta,-0.017329027,0.016074332,-0.029669924,0.016006815,0.34489509,0.395037872,0.305769001,0.135964932,0.043356325,0.252561266,0.020887636,-0.020092644
Myanmar,-0.017564154,0.154285714,0.007825769,0.016006815,-0.056917599,-0.133585946,-0.150845904,-0.130066455,-0.157309391,-0.080012766,0.093987051,-0.020092644
Montenegro,-0.017461331,0.105505226,-0.029540333,0.016006815,0.245197205,0.214995409,0.198405502,-0.036997739,0.102795222,0.778757165,0.279659566,-0.020056985
Northern Mariana Islands,-0.017680639,0.211196283,-0.029936705,0.016006815,-0.118357292,-0.058187857,-0.0524208,-0.03351965,-0.023558156,-0.063476057,-0.107999285,-0.020140188
Mauritania,-0.017687829,0.081114983,-0.026746235,0.016006815,-0.322778626,-0.233721055,-0.224759189,-0.147221287,-0.261446338,-0.063476057,-0.107999285,-0.020140188
Montserrat,-0.017686391,0.12989547,-0.02997322,0.016006815,-0.118357292,-0.058187857,-0.0524208,-0.03351965,-0.023558156,-0.063476057,-0.107999285,-0.020152074
Mauritius,-0.017455579,0.121765389,-0.029093104,0.016006815,0.193837688,0.067649337,0.002991687,-0.003586879,0.670555564,-0.1506278,0.174396408,-0.020045099
Malawi,-0.017649001,0.235586527,-0.016685715,0.016006815,-0.389243883,-0.239858866,-0.225260108,-0.168752031,-0.189168639,-0.123292949,-0.059521721,-0.020128302
Malaysia,-0.012819914,-0.325389082,-0.007489668,0.016006815,-0.032748415,-0.111929895,-0.134872174,0.052467752,0.419485664,-0.200741696,0.199250209,-0.018844605
Niger,-0.017075925,0.12989547,-0.013158574,0.016006815,-0.479878324,-0.256303568,-0.247801433,-0.170206364,-0.261446338,-0.221242835,-0.195486633,-0.019581542
Nigeria,-0.014119942,-0.048966318,0.113243551,0.016006815,-0.389243883,-0.248660256,-0.243961059,-0.132244341,-0.261446338,-0.209853313,-0.262738095,-0.018214642
Nicaragua,-0.017676325,0.113635308,-0.025374132,0.016006815,-0.111298264,-0.144664888,-0.128638523,-0.132390685,0.168891275,-0.063476057,-0.107999285,-0.020068871
Netherlands,0.013376231,-0.048966318,-0.018071844,0.016006815,0.369064274,0.370061999,0.336770282,0.238854674,-0.124974631,0.332287917,-0.021510025,0.045946438
Norway,-0.011828355,-0.0570964,-0.02621016,0.016006815,0.263324093,0.294478134,0.277327971,0.379326479,-0.124023608,0.222948509,-0.118001253,-0.017442047
New Zealand,-0.016869559,-0.048966318,-0.026626336,0.016006815,0.208943428,0.236612857,0.21649422,0.132287159,0.007692987,0.113609102,-0.169170844,-0.019914352
Oman,-0.01480447,-0.073356562,-0.02642875,0.016006815,-0.00857923,-0.26394688,-0.239341479,0.148417345,0.223099549,-0.212131217,-0.192562657,-0.019961897
Pakistan,0.008038781,-0.0570964,0.123493361,0.016006815,-0.226101889,-0.181337345,-0.169769486,-0.134857584,0.020531789,-0.159739418,0.115916876,-0.011011676
Panama,-0.011263188,0.040464576,-0.026978909,0.016006815,-0.038790711,-0.049200692,-0.044539898,0.013398707,0.019580766,-0.168851035,-0.27589599,-0.017121123
Peru,0.037172932,0.016074332,-0.007068741,0.016006815,-0.056917599,-0.078808876,-0.076543015,-0.072896052,-0.093590893,-0.114181331,-0.107999285,0.005616956
Philippines,-0.009340469,-0.284738676,0.046157299,0.016006815,-0.174742372,-0.169447749,-0.17639274,-0.112794385,-0.040333642,-0.045844201,0.175858396,-0.010987903
Poland,-0.005323899,-0.008315912,-0.00368189,0.016006815,0.326768202,0.292239184,0.24332118,0.055980349,-0.095492938,0.307230969,0.063285297,-0.009930042
Puerto Rico,-0.016019652,0.186806039,-0.027989059,0.016006815,0.218006872,0.230668059,0.222560898,0.123329551,0.236889373,-0.063476057,-0.107999285,-0.01879706
Portugal,0.002533794,-0.016445993,-0.022892296,0.016006815,0.459698715,0.475176841,0.506136342,0.062178663,0.091858465,0.147777667,0.017963659,-0.006197812
Paraguay,-0.01716221,0.024204413,-0.025021204,0.016006815,-0.135467448,-0.108648675,-0.111162039,-0.102230965,0.016727699,-0.109625523,-0.104843358,-0.020033213
Palestine,-0.017300266,0.007944251,-0.026432367,0.016006815,-0.319757478,-0.237388301,-0.22843259,-0.139888927,0.127046292,-0.063476057,-0.107999285,-0.020116416
Qatar,0.00138836,-0.032706156,-0.027975011,0.016006815,0.027674546,-0.304402391,-0.290156863,0.827868415,0.409024418,-0.205297504,-0.027357978,-0.019997555
Kosovo,-0.017033501,0.089245064,-0.004102274,0.016006815,-0.118357292,-0.058187857,-0.0524208,-0.03351965,-0.023558156,-0.063476057,-0.107999285,-0.019819264
Romania,-0.006188188,-0.0570964,-0.016610869,0.016006815,0.363021978,0.334200196,0.326139681,0.022399237,0.086627842,0.298119352,0.121764829,-0.008087699
Russia,0.156508767,-0.268478513,0.071414647,0.016006815,0.260302945,0.192451499,0.198294186,0.034897842,-0.082654136,0.309508874,0.431706349,0.006128057
Saudi Arabia,0.01454036,-0.016445993,-0.005788955,0.016006815,0.027674546,-0.227660449,-0.221809337,0.243783258,0.466085759,-0.182518461,-0.049287803,-0.016919059
Sudan,-0.016387082,0.072984901,0.0004886,0.016006815,-0.340905514,-0.217893995,-0.211290051,-0.139746033,0.368605968,-0.063476057,-0.107999285,-0.019094212
Senegal,-0.016180717,-0.016445993,-0.018343461,0.016006815,-0.371116995,-0.238739391,-0.224536559,-0.156917754,-0.261446338,-0.214409122,-0.177942774,-0.019902466
Singapore,0.000530542,-0.333519164,-0.025912033,0.016006815,0.34489509,0.14396665,0.067832785,0.557720387,0.146066739,-0.105069714,-0.006890142,-0.019914352
Sierra Leone,-0.017416032,0.219326365,-0.024434499,0.016006815,-0.359032403,-0.256882607,-0.25297759,-0.166211814,-0.261446338,-0.023065158,0.183168338,-0.019914352
El Salvador,-0.016894726,0.113635308,-0.025470256,0.016006815,-0.10223482,-0.035496774,-0.023000409,-0.1154333,0.04525837,-0.166573131,-0.145779031,-0.019926238
San Marino,-0.017231957,-0.048966318,-0.029953114,0.016006815,-0.118357292,-0.058187857,-0.0524208,0.311027791,-0.10833174,-0.063476057,-0.107999285,-0.019676631
Somalia,-0.016817788,0.097375145,-0.018934512,0.016006815,-0.428518807,-0.249432308,-0.241233837,-0.03351965,-0.088835781,-0.063476057,-0.107999285,-0.019545884
Serbia,-0.010291762,0.016074332,-0.025249043,0.016006815,0.308641313,0.315516544,-0.0524208,-0.05730522,0.102795222,0.635249193,0.167086466,-0.017525249
Sao Tome and Principe,-0.017525326,0.284367015,-0.029824426,0.016006815,-0.371116995,-0.243448907,-0.204165879,-0.151909433,-0.261446338,-0.063476057,-0.107999285,-0.020080757
Suriname,-0.01768711,0.081114983,-0.029569116,0.016006815,-0.041811859,-0.08722424,-0.089121631,-0.059729326,0.219770971,-0.054955819,0.20656015,-0.020152074
Slovakia,-0.016638028,0.016074332,-0.02618348,0.016006815,0.308641313,0.226885006,0.18571557,0.081263165,-0.029872396,0.302675161,0.130536759,-0.019843036
Slovenia,-0.016642342,-0.00018583,-0.028532308,0.016006815,0.408339199,0.38098653,0.395155098,0.091980293,-0.03177444,0.234338031,-0.055135756,-0.018939693
Sweden,0.002373447,-0.268478513,-0.022959992,0.016006815,0.302599017,0.416616718,0.423150868,0.225749471,-0.148750189,0.204725275,-0.144317043,0.02096189
Swaziland,-0.01755984,0.081114983,-0.029170643,0.016006815,-0.28652485,-0.23275599,-0.221809337,-0.111591745,-0.189168639,-0.184796365,-0.179404762,-0.020140188
Sint Maarten (Dutch part),-0.017638935,-0.016445993,-0.0299469,0.016006815,-0.118357292,-0.058187857,-0.0524208,0.13436392,-0.023558156,-0.063476057,-0.107999285,-0.019985669
Syria,-0.017659787,0.146155633,-0.017817708,0.016006815,-0.280482554,-0.058187857,-0.181067977,-0.03351965,-0.023558156,-0.063476057,-0.107999285,-0.020128302
Turks and Caicos Islands,-0.017685672,0.162415796,-0.029949793,0.016006815,-0.118357292,-0.058187857,-0.0524208,-0.03351965,-0.023558156,-0.063476057,-0.107999285,-0.020152074
Chad,-0.017426817,0.121765389,-0.018564448,0.016006815,-0.431539956,-0.258889941,-0.244016717,-0.162961001,-0.086458226,-0.063476057,-0.107999285,-0.019664745
Togo,-0.017536831,0.016074332,-0.02422485,0.016006815,-0.349968959,-0.245263228,-0.239619767,-0.165871869,-0.08408067,-0.2030196,-0.213030493,-0.020033213
Thailand,-0.015524951,-0.422950058,0.018518455,0.016006815,0.275408685,0.084171244,0.058983227,-0.03813009,-0.041760175,-0.180240557,0.14661863,-0.019498339
Tajikistan,-0.017118348,0.463228804,-0.023350196,0.016006815,-0.232144185,-0.221059407,-0.204555482,-0.153249848,-0.038431597,-0.063476057,-0.107999285,-0.01989058
Trinidad and Tobago,-0.017610892,0.06485482,-0.029004365,0.016006815,0.157583912,0.031710329,-0.000626056,0.069286562,0.145115716,-0.063476057,-0.107999285,-0.020068871
Tunisia,-0.016952249,-0.016445993,-0.021765436,0.016006815,0.05184373,-0.045996677,-0.042035306,-0.08483246,0.028615479,-0.198463791,0.541355472,-0.019629086
Turkey,0.085210701,0.056724739,0.028619823,0.016006815,0.018611102,-0.040129084,-0.042814513,0.038024198,0.200275013,0.097663771,0.180244361,0.026809843
Taiwan,-0.017377922,-0.357909408,-0.013429439,0.016006815,0.338852794,-0.058187857,0.140410288,-0.03351965,-0.023558156,-0.063476057,-0.107999285,-0.020080757
Tanzania,-0.017328308,0.097375145,0.011525032,0.016006815,-0.401328475,-0.234879133,-0.220195266,-0.155087608,-0.103101117,-0.148349896,-0.030281955,-0.019914352
Ukraine,-0.005884033,-0.008315912,0.000408347,0.016006815,0.314683609,0.280619806,0.295138401,-0.110254624,-0.038431597,0.083996345,0.272349624,-0.014945969
Uruguay,-0.01717731,0.081114983,-0.027563242,0.016006815,0.139457023,0.210864932,0.252170738,-0.001361494,-0.046990798,0.095385867,-0.12969716,-0.019938124
United States,0.982310732,-0.357909408,0.199995049,0.016006815,0.22102802,0.240125693,0.217162111,0.288349073,0.136556515,0.211558988,-0.060983709,0.979847926
Uzbekistan,-0.015816163,0.089245064,-0.006723194,0.016006815,-0.084107931,-0.182341012,-0.16459333,-0.124375259,-0.016558083,-0.193907983,-0.059521721,-0.020033213
Venezuela,-0.017377922,0.081114983,-0.010220165,0.016006815,-0.059938747,-0.099538465,-0.106598116,-0.034109292,-0.068864312,-0.063476057,-0.107999285,-0.020045099
British Virgin Islands,-0.017689268,0.178675958,-0.029955686,0.016006815,-0.118357292,-0.058187857,-0.0524208,-0.03351965,0.273503734,-0.063476057,-0.107999285,-0.020152074
United States Virgin Islands,-0.017644687,0.154285714,-0.029904143,0.016006815,0.338852794,0.363190738,0.276548764,-0.03351965,0.206456658,-0.063476057,-0.107999285,-0.020092644
Yemen,-0.017643968,0.292497096,-0.009254413,0.016006815,-0.322778626,-0.242059214,-0.236391626,-0.165447429,-0.122121564,-0.05040001,0.006267753,-0.020021327
South Africa,-0.009012586,0.007944251,0.01122939,0.016006815,-0.111298264,-0.148563749,-0.154574963,-0.072395593,-0.114037874,-0.039010488,0.064747285,-0.017560908
Zambia,-0.017373608,0.113635308,-0.017204015,0.016006815,-0.401328475,-0.259121557,-0.238673588,-0.146433063,-0.189168639,-0.152905705,-0.059521721,-0.020080757
Zimbabwe,-0.017667696,0.12989547,-0.019650331,0.016006815,-0.343926662,-0.245919472,-0.219750006,-0.161828606,-0.289977008,-0.18707427,0.028197577,-0.020116416
